,Company Name,Location,Services,Hourly Rate
0,Incrementors Web Solutions,"Sacramento,  United States","SEO
Web Design",$30-70/h
1,Labnify,"Albuquerque,  United States","Email Marketing
Conversion Optimization",$30-70/h
2,MONGID | Software House,"Ramallah,  Palestinian Territory","Custom Software Development
Web Development
UX/UI Design
+ See more",
3,Andersen,"Warsaw,  Poland","Mobile App Development
Web Development
UX/UI Design
+ See more",
4,Newwave Solutions,"Hanoi,  Vietnam","Web Development
Mobile App Development
Web Design
+ See more",
5,Crocoapps,"New York,  United States","Web Development
Mobile App Development
SEO
+ See more",
6,Glorium Technologies,"New Jersey,  United States","Custom Software Development
Web Development
Mobile App Development",
7,SolidBrain,"Tampa,  United States","Web Development
Custom Software Development
E-Commerce Development
+ See more",
8,Saint Rollox Digital,"Newtown,  Australia","SEO
Web Design
Web Development
+ See more",
9,Firmao CRM,"Lodz (Łódź),  Poland",Custom Software Development,
10,QArea,"Lviv,  Ukraine","Custom Software Development
Web Development
E-Commerce Development
+ See more",
11,Seasia Infotech,"Emeryville,  United States","Custom Software Development
Web Development
Mobile App Development
+ See more",
12,Safnah IT Services,"Baghdad,  Iraq","Web Development
Mobile App Development
Advertising
+ See more",
13,Hydralab,"Macungie,  United States","Blockchain
Cloud Consulting
Custom Software Development
+ See more",
14,DigiTrends,"Wilmington,  United States","Mobile App Development
Custom Software Development
CRM Consulting
+ See more",
15,MoogleLabs,"Mississauga,  Canada","Artificial Intelligence
Cloud Consulting
Blockchain
+ See more",
16,Rocket Systems,"Yerevan,  Armenia","Artificial Intelligence
Custom Software Development
Web Development
+ See more",
17,Postjer Group,"Brighton,  United Kingdom","Web Design
Web Development
E-Commerce Development
+ See more",
18,"TRIARE, LLC","Cherkasy,  Ukraine","Web Development
Mobile App Development
Web Design
+ See more",
19,Acropolium,"Ceske Budejovice,  Czech Republic","Custom Software Development
Web Development
IT Strategy Consulting
+ See more",
20,*instinctools,"Stuttgart,  Germany","Web Development
Web Design
IT Staff Augmentation
+ See more",
21,Innoventix Solutions,"Ahmedabad,  India","Mobile App Development
BI & Big Data Consulting
Web Development
+ See more",
22,ZAPTA Technologies,"Lahore,  Pakistan","Custom Software Development
Web Development
IT Staff Augmentation
+ See more",
23,Movadex,"Warsaw,  Poland","Web Development
UX/UI Design
Custom Software Development
+ See more",
